event_date,visits,sales,conversion,promo_type,weather,paydays,school_breaks,local_events,open_hours
2021-01-01,162,1907.69,0.334,,humid,True,False,,10.0
2021-01-02,201,2212.39,0.375,,cloudy,True,False,,12.0
2021-01-03,156,2047.82,0.372,,sunny,False,False,,12.0
2021-01-04,156,1748.13,0.353,,sunny,False,False,,10.0
2021-01-05,60,654.63,0.32,,rainy,False,False,,10.0
2021-01-06,201,2582.68,0.441,percent_off,sunny,False,False,,10.0
2021-01-07,54,735.54,0.494,percent_off,sunny,False,False,,10.0
2021-01-08,109,1281.39,0.464,percent_off,sunny,False,False,,10.0
2021-01-09,252,2447.18,0.321,,cloudy,False,False,,12.0
2021-01-10,124,1220.77,0.315,,rainy,False,False,,12.0
2021-01-11,139,1466.58,0.328,,sunny,False,False,,10.0
2021-01-12,112,1444.77,0.37,,cloudy,False,False,Easter,10.0
2021-01-13,129,1552.73,0.366,,sunny,False,False,,10.0
2021-01-14,83,859.23,0.334,,storm,True,False,,10.0
2021-01-15,170,1961.35,0.336,,sunny,True,False,,10.0
2021-01-16,117,1223.28,0.347,,sunny,True,False,,12.0
2021-01-17,201,2395.95,0.342,,sunny,False,False,,12.0
2021-01-18,95,1058.81,0.336,,sunny,False,False,,10.0
2021-01-19,86,924.01,0.343,,cloudy,False,False,,10.0
2021-01-20,106,1220.06,0.335,,rainy,False,False,,10.0
2021-01-21,117,1370.25,0.385,,sunny,False,False,,10.0
2021-01-22,131,1835.94,0.479,bundle,rainy,False,False,,10.0
2021-01-23,424,5132.2,0.462,bundle,sunny,False,False,,12.0
2021-01-24,225,3057.77,0.494,bundle,cloudy,False,False,,12.0
2021-01-25,132,1847.72,0.488,bundle,sunny,False,False,,10.0
2021-01-26,165,1770.26,0.36,,cloudy,False,False,,10.0
2021-01-27,78,829.43,0.36,,rainy,False,False,,10.0
2021-01-28,79,799.08,0.345,,storm,False,False,,10.0
2021-01-29,20,234.88,0.356,,sunny,False,False,,10.0
2021-01-30,135,1345.93,0.339,,sunny,False,False,,12.0
2021-01-31,150,1713.4,0.323,,sunny,False,False,,12.0
2021-02-01,156,1742.54,0.348,,sunny,True,False,,10.0
2021-02-02,195,2176.06,0.372,,cloudy,True,False,,10.0
2021-02-03,146,1472.77,0.332,,rainy,False,False,,10.0
2021-02-04,272,2870.47,0.331,,sunny,False,False,,10.0
2021-02-05,293,3190.68,0.329,,sunny,False,False,,10.0
2021-02-06,246,3123.83,0.368,,sunny,False,False,,12.0
2021-02-07,226,2427.58,0.347,,sunny,False,False,,12.0
2021-02-08,133,1577.49,0.357,,humid,False,False,,10.0
2021-02-09,76,862.66,0.364,,cloudy,False,False,,10.0
2021-02-10,108,1207.17,0.432,percent_off,cloudy,False,False,,10.0
2021-02-11,154,1754.22,0.44,percent_off,cloudy,False,False,,10.0
2021-02-12,240,3376.6,0.463,percent_off,cloudy,False,False,,10.0
2021-02-13,310,3478.44,0.446,percent_off,cloudy,False,False,,12.0
2021-02-14,506,5775.56,0.423,percent_off,sunny,True,False,Valentine's,12.0
2021-02-15,69,724.27,0.346,,cloudy,True,False,,10.0
2021-02-16,151,1470.07,0.317,,cloudy,True,False,,10.0
2021-02-17,157,1817.02,0.351,,sunny,False,False,,10.0
2021-02-18,104,1254.42,0.353,,sunny,False,False,,10.0
2021-02-19,55,612.7,0.361,,rainy,False,False,,10.0
2021-02-20,338,4138.02,0.413,bogo,humid,False,False,,12.0
2021-02-21,312,4315.72,0.467,bogo,sunny,False,False,,12.0
2021-02-22,224,3008.64,0.46,bogo,cloudy,False,False,,10.0
2021-02-23,87,1029.98,0.459,bogo,rainy,False,False,,10.0
2021-02-24,85,1170.19,0.457,bogo,storm,False,False,,10.0
2021-02-25,190,1936.97,0.344,,cloudy,False,False,,10.0
2021-02-26,286,2798.51,0.324,,sunny,False,False,,10.0
2021-02-27,186,2225.63,0.359,,sunny,False,False,,12.0
2021-02-28,329,4249.16,0.43,flash,sunny,False,False,,12.0
2021-03-01,206,2828.92,0.475,flash,sunny,True,False,,10.0
2021-03-02,164,2046.95,0.465,flash,rainy,True,False,,10.0
2021-03-03,231,2580.45,0.424,flash,sunny,False,False,,10.0
2021-03-04,204,2609.49,0.457,flash,rainy,False,False,,10.0
2021-03-05,240,2900.67,0.414,flash,cloudy,False,False,,10.0
2021-03-06,181,1832.09,0.346,,cloudy,False,False,,12.0
2021-03-07,139,1600.16,0.326,,storm,False,False,,12.0
2021-03-08,164,1964.31,0.341,,sunny,False,False,,10.0
2021-03-09,132,1611.78,0.361,,sunny,False,False,,10.0
2021-03-10,119,1326.22,0.331,,sunny,False,False,,10.0
2021-03-11,207,1992.62,0.324,,sunny,False,False,,10.0
2021-03-12,186,2192.39,0.337,,sunny,False,False,,10.0
2021-03-13,412,4378.3,0.325,,sunny,False,False,,12.0
2021-03-14,442,5392.27,0.366,,sunny,True,False,,12.0
2021-03-15,155,1703.97,0.322,,sunny,True,False,,10.0
2021-03-16,134,1361.92,0.337,,cloudy,True,False,,10.0
2021-03-17,175,2189.3,0.452,bogo,sunny,False,False,,10.0
2021-03-18,115,1406.18,0.41,bogo,rainy,False,False,,10.0
2021-03-19,175,2226.67,0.458,bogo,storm,False,False,,10.0
2021-03-20,147,1659.61,0.324,,storm,False,False,,12.0
2021-03-21,196,2123.32,0.369,,cloudy,False,False,,12.0
2021-03-22,48,582.23,0.381,,sunny,False,False,New Year,10.0
2021-03-23,104,1225.96,0.36,,sunny,False,False,,10.0
2021-03-24,248,2771.1,0.419,flash,sunny,False,False,,10.0
2021-03-25,158,1866.31,0.433,flash,cloudy,False,False,,10.0
2021-03-26,75,959.82,0.427,flash,storm,False,False,,10.0
2021-03-27,506,6065.16,0.464,flash,sunny,False,False,,12.0
2021-03-28,336,4190.63,0.382,,sunny,False,False,Summer Sale,12.0
2021-03-29,117,1368.19,0.334,,rainy,False,False,,10.0
2021-03-30,159,2063.36,0.429,bundle,rainy,False,False,,10.0
2021-03-31,148,1839.36,0.482,bundle,cloudy,False,False,,10.0
2021-04-01,218,3022.51,0.485,bundle,sunny,True,False,,10.0
2021-04-02,472,4813.13,0.406,bundle,sunny,True,False,,10.0
2021-04-03,275,3492.75,0.421,bundle,sunny,False,False,,12.0
2021-04-04,169,1975.17,0.332,,sunny,False,False,,12.0
2021-04-05,103,1118.72,0.323,,sunny,False,False,,10.0
2021-04-06,183,2399.97,0.376,,sunny,False,False,,10.0
2021-04-07,111,1218.99,0.347,,rainy,False,False,,10.0
2021-04-08,161,2203.57,0.383,,sunny,False,False,,10.0
2021-04-09,181,2029.89,0.371,,rainy,False,False,,10.0
2021-04-10,416,5778.85,0.481,bogo,humid,False,False,,12.0
2021-04-11,273,3207.61,0.426,bogo,sunny,False,False,,12.0
2021-04-12,164,2386.56,0.488,bogo,sunny,False,False,,10.0
2021-04-13,113,1289.79,0.383,,cloudy,False,False,,10.0
2021-04-14,232,2842.81,0.345,,sunny,True,False,,10.0
2021-04-15,215,2696.43,0.371,,sunny,True,False,,10.0
2021-04-16,187,2286.77,0.37,,rainy,True,False,,10.0
2021-04-17,254,2851.81,0.343,,sunny,False,False,,12.0
2021-04-18,99,1087.94,0.326,,storm,False,False,,12.0
2021-04-19,138,1563.58,0.375,,rainy,False,False,Christmas,10.0
2021-04-20,121,1367.47,0.372,,rainy,False,False,,10.0
2021-04-21,81,856.37,0.354,,storm,False,False,,10.0
2021-04-22,235,2375.39,0.331,,sunny,False,False,,10.0
2021-04-23,243,2578.76,0.321,,sunny,False,False,,10.0
2021-04-24,229,3277.02,0.486,flash,humid,False,False,,12.0
2021-04-25,439,5394.0,0.41,flash,sunny,False,False,Summer Sale,12.0
2021-04-26,130,1544.45,0.443,flash,sunny,False,False,,10.0
2021-04-27,180,2057.26,0.445,flash,humid,False,False,,10.0
2021-04-28,53,551.58,0.349,,cloudy,False,False,,10.0
2021-04-29,160,1832.41,0.371,,sunny,False,False,,10.0
2021-04-30,145,1658.42,0.353,,storm,False,False,Summer Sale,10.0
2021-05-01,143,1469.16,0.328,,humid,True,False,,12.0
2021-05-02,496,5977.07,0.352,,sunny,True,False,,12.0
2021-05-03,85,950.7,0.361,,storm,False,False,,10.0
2021-05-04,118,1519.6,0.374,,rainy,False,False,,10.0
2021-05-05,151,1634.45,0.327,,sunny,False,False,,10.0
2021-05-06,159,1993.86,0.381,,rainy,False,False,,10.0
2021-05-07,195,2385.52,0.377,,cloudy,False,False,,10.0
2021-05-08,234,2409.63,0.352,,sunny,False,False,,12.0
2021-05-09,223,2866.9,0.365,,humid,False,False,,12.0
2021-05-10,115,1213.56,0.323,,rainy,False,False,Halloween,10.0
2021-05-11,145,1903.89,0.434,bundle,sunny,False,False,,10.0
2021-05-12,97,1211.15,0.434,bundle,rainy,False,False,,10.0
2021-05-13,129,1592.33,0.46,bundle,cloudy,False,False,,10.0
2021-05-14,196,1875.44,0.327,,cloudy,True,False,,10.0
2021-05-15,120,1458.52,0.369,,rainy,True,False,,12.0
2021-05-16,133,1390.78,0.322,,sunny,True,False,,12.0
2021-05-17,125,1537.01,0.485,bogo,sunny,False,False,,10.0
2021-05-18,164,1846.23,0.429,bogo,rainy,False,False,,10.0
2021-05-19,162,1671.98,0.415,bogo,sunny,False,False,,10.0
2021-05-20,345,4175.45,0.449,bogo,sunny,False,False,,10.0
2021-05-21,201,2668.7,0.448,bogo,cloudy,False,False,,10.0
2021-05-22,349,3672.9,0.336,,cloudy,False,False,,12.0
2021-05-23,170,2105.83,0.412,percent_off,storm,False,False,,12.0
2021-05-24,130,1657.62,0.468,percent_off,storm,False,False,,10.0
2021-05-25,154,1720.23,0.444,percent_off,cloudy,False,False,,10.0
2021-05-26,131,1780.18,0.488,percent_off,sunny,False,False,,10.0
2021-05-27,219,2451.0,0.414,percent_off,cloudy,False,False,,10.0
2021-05-28,228,2769.79,0.413,percent_off,cloudy,False,False,,10.0
2021-05-29,210,2307.48,0.329,,cloudy,False,False,,12.0
2021-05-30,111,1299.55,0.378,,storm,False,False,,12.0
2021-05-31,77,802.21,0.342,,cloudy,False,False,,10.0
2021-06-01,218,2400.47,0.326,,sunny,True,True,,10.0
2021-06-02,131,1539.7,0.344,,sunny,True,True,,10.0
2021-06-03,156,1865.31,0.457,bundle,sunny,False,True,,10.0
2021-06-04,38,458.9,0.482,bundle,sunny,False,True,,10.0
2021-06-05,20,251.7,0.418,bundle,cloudy,False,True,,12.0
2021-06-06,138,1508.88,0.42,bundle,sunny,False,True,,12.0
2021-06-07,308,4318.88,0.495,bundle,sunny,False,True,New Year,10.0
2021-06-08,126,1835.54,0.487,bundle,rainy,False,True,,10.0
2021-06-09,149,1805.86,0.347,,sunny,False,True,,10.0
2021-06-10,146,1604.35,0.344,,rainy,False,True,,10.0
2021-06-11,393,4160.64,0.354,,sunny,False,True,,10.0
2021-06-12,168,1834.31,0.344,,sunny,False,True,,12.0
2021-06-13,158,1827.37,0.363,,cloudy,False,True,Easter,12.0
2021-06-14,198,2036.19,0.318,,sunny,True,True,,10.0
2021-06-15,195,2540.04,0.374,,sunny,True,True,,10.0
2021-06-16,133,1523.15,0.336,,cloudy,True,True,,10.0
2021-06-17,108,1314.88,0.346,,rainy,False,True,,10.0
2021-06-18,192,1938.98,0.341,,sunny,False,True,,10.0
2021-06-19,102,1275.29,0.421,bundle,rainy,False,True,,12.0
2021-06-20,248,2543.95,0.408,bundle,sunny,False,True,,12.0
2021-06-21,131,1730.96,0.441,bundle,sunny,False,True,,10.0
2021-06-22,215,2638.03,0.449,bundle,cloudy,False,True,,10.0
2021-06-23,57,657.7,0.333,,storm,False,True,,10.0
2021-06-24,376,4651.92,0.475,flash,sunny,False,True,,10.0
2021-06-25,359,4798.91,0.451,flash,sunny,False,True,,10.0
2021-06-26,284,3256.32,0.448,flash,storm,False,True,,12.0
2021-06-27,354,4995.72,0.49,flash,sunny,False,True,,12.0
2021-06-28,134,1619.73,0.375,,rainy,False,True,,10.0
2021-06-29,115,1299.02,0.316,,sunny,False,True,,10.0
2021-06-30,60,665.89,0.357,,storm,False,True,,10.0
2021-07-01,178,1992.52,0.334,,cloudy,True,True,,10.0
2021-07-02,167,1806.1,0.351,,storm,True,True,,10.0
2021-07-03,181,1730.36,0.325,,sunny,False,True,,12.0
2021-07-04,244,2848.77,0.343,,cloudy,False,True,,12.0
2021-07-05,94,1139.64,0.363,,cloudy,False,True,,10.0
2021-07-06,201,2050.05,0.336,,cloudy,False,True,,10.0
2021-07-07,80,962.83,0.366,,cloudy,False,True,,10.0
2021-07-08,167,1850.49,0.361,,humid,False,True,,10.0
2021-07-09,277,3181.66,0.356,,sunny,False,True,,10.0
2021-07-10,277,3696.55,0.45,flash,sunny,False,True,,12.0
2021-07-11,563,6096.8,0.417,flash,sunny,False,True,,12.0
2021-07-12,243,3241.43,0.487,flash,sunny,False,True,,10.0
2021-07-13,245,2924.77,0.462,flash,sunny,False,True,,10.0
2021-07-14,241,2977.27,0.424,flash,cloudy,True,True,Easter,10.0
2021-07-15,300,3410.07,0.417,flash,cloudy,True,True,,10.0
2021-07-16,83,855.45,0.315,,sunny,True,True,,10.0
2021-07-17,176,1628.26,0.316,,rainy,False,True,,12.0
2021-07-18,79,796.5,0.337,,rainy,False,True,,12.0
2021-07-19,217,2457.15,0.347,,cloudy,False,True,,10.0
2021-07-20,174,2014.03,0.324,,cloudy,False,True,,10.0
2021-07-21,222,2154.23,0.316,,cloudy,False,True,,10.0
2021-07-22,87,899.92,0.327,,storm,False,True,Halloween,10.0
2021-07-23,313,3775.38,0.48,bogo,cloudy,False,True,,10.0
2021-07-24,362,3954.38,0.416,bogo,sunny,False,True,,12.0
2021-07-25,203,2286.03,0.443,bogo,rainy,False,True,,12.0
2021-07-26,123,1484.77,0.344,,cloudy,False,True,,10.0
2021-07-27,156,1915.96,0.358,,cloudy,False,True,,10.0
2021-07-28,76,791.97,0.344,,rainy,False,True,,10.0
2021-07-29,128,1206.5,0.316,,cloudy,False,True,,10.0
2021-07-30,224,2928.74,0.381,,sunny,False,True,,10.0
2021-07-31,186,2206.01,0.383,,sunny,False,True,,12.0
2021-08-01,171,2025.8,0.375,,sunny,True,True,,12.0
2021-08-02,202,1924.51,0.316,,cloudy,True,True,,10.0
2021-08-03,73,864.3,0.382,,cloudy,False,True,,10.0
2021-08-04,142,1708.93,0.347,,rainy,False,True,,10.0
2021-08-05,194,2218.57,0.377,,cloudy,False,True,,10.0
2021-08-06,239,2933.68,0.379,,sunny,False,True,,10.0
2021-08-07,196,2409.39,0.37,,cloudy,False,True,,12.0
2021-08-08,264,3226.54,0.349,,humid,False,True,,12.0
2021-08-09,150,2034.31,0.466,bogo,sunny,False,True,,10.0
2021-08-10,281,3392.34,0.435,bogo,cloudy,False,True,,10.0
2021-08-11,146,1781.15,0.465,bogo,rainy,False,True,,10.0
2021-08-12,215,2444.16,0.384,,sunny,False,True,,10.0
2021-08-13,113,1478.94,0.375,,cloudy,False,True,,10.0
2021-08-14,329,3640.66,0.331,,sunny,True,True,,12.0
2021-08-15,254,3030.81,0.371,,sunny,True,True,,12.0
2021-08-16,80,822.52,0.322,,humid,True,True,,10.0
2021-08-17,213,2766.12,0.456,flash,cloudy,False,True,,10.0
2021-08-18,279,3582.66,0.481,flash,cloudy,False,True,,10.0
2021-08-19,92,1159.37,0.469,flash,rainy,False,True,,10.0
2021-08-20,282,3495.34,0.437,flash,cloudy,False,True,,10.0
2021-08-21,246,2748.44,0.439,flash,rainy,False,True,,12.0
2021-08-22,192,1951.55,0.333,,humid,False,True,,12.0
2021-08-23,99,1125.86,0.373,,sunny,False,True,,10.0
2021-08-24,270,3205.92,0.369,,sunny,False,True,Black Friday,10.0
2021-08-25,103,1178.74,0.35,,cloudy,False,True,,10.0
2021-08-26,117,1348.11,0.379,,sunny,False,True,,10.0
2021-08-27,207,2347.07,0.342,,cloudy,False,True,,10.0
2021-08-28,412,4704.4,0.368,,humid,False,True,,12.0
2021-08-29,100,1034.62,0.324,,storm,False,True,,12.0
2021-08-30,79,1018.76,0.365,,rainy,False,True,,10.0
2021-08-31,64,675.24,0.335,,cloudy,False,True,,10.0
2021-09-01,216,2464.51,0.364,,cloudy,True,False,,10.0
2021-09-02,171,2038.87,0.355,,sunny,True,False,,10.0
2021-09-03,164,1991.77,0.372,,sunny,False,False,,10.0
2021-09-04,405,4547.15,0.329,,sunny,False,False,,12.0
2021-09-05,273,3132.36,0.336,,sunny,False,False,,12.0
2021-09-06,79,1011.62,0.376,,sunny,False,False,,10.0
2021-09-07,131,1512.45,0.371,,humid,False,False,,10.0
2021-09-08,213,2896.05,0.382,,cloudy,False,False,,10.0
2021-09-09,268,3229.06,0.375,,sunny,False,False,Easter,10.0
2021-09-10,349,3936.16,0.341,,sunny,False,False,,10.0
2021-09-11,182,2078.05,0.384,,rainy,False,False,,12.0
2021-09-12,145,1432.37,0.318,,storm,False,False,,12.0
2021-09-13,172,1933.82,0.381,,sunny,False,False,,10.0
2021-09-14,147,1832.83,0.359,,humid,True,False,,10.0
2021-09-15,252,3146.37,0.352,,sunny,True,False,,10.0
2021-09-16,206,2317.68,0.353,,cloudy,True,False,,10.0
2021-09-17,166,2109.64,0.382,,sunny,False,False,,10.0
2021-09-18,272,2937.18,0.36,,cloudy,False,False,,12.0
2021-09-19,260,2894.36,0.318,,sunny,False,False,,12.0
2021-09-20,115,1300.34,0.333,,sunny,False,False,,10.0
2021-09-21,95,1033.67,0.349,,sunny,False,False,,10.0
2021-09-22,137,1568.94,0.322,,cloudy,False,False,,10.0
2021-09-23,123,1368.09,0.33,,rainy,False,False,,10.0
2021-09-24,209,2684.39,0.377,,rainy,False,False,,10.0
2021-09-25,225,2422.38,0.365,,sunny,False,False,,12.0
2021-09-26,191,2114.17,0.32,,sunny,False,False,,12.0
2021-09-27,88,903.45,0.342,,humid,False,False,,10.0
2021-09-28,168,1821.68,0.367,,sunny,False,False,,10.0
2021-09-29,94,1042.98,0.357,,rainy,False,False,,10.0
2021-09-30,203,1947.65,0.317,,humid,False,False,,10.0
2021-10-01,273,3056.58,0.359,,sunny,True,False,,10.0
2021-10-02,170,2170.95,0.36,,humid,True,False,,12.0
2021-10-03,310,3488.57,0.343,,sunny,False,False,,12.0
2021-10-04,143,1602.92,0.366,,sunny,False,False,,10.0
2021-10-05,148,1478.28,0.333,,humid,False,False,,10.0
2021-10-06,194,2547.66,0.368,,cloudy,False,False,,10.0
2021-10-07,133,1445.03,0.329,,cloudy,False,False,,10.0
2021-10-08,73,751.55,0.331,,storm,False,False,,10.0
2021-10-09,170,1871.29,0.364,,sunny,False,False,,12.0
2021-10-10,285,2915.69,0.327,,cloudy,False,False,,12.0
2021-10-11,84,957.61,0.363,,rainy,False,False,,10.0
2021-10-12,171,1787.83,0.349,,cloudy,False,False,,10.0
2021-10-13,221,2942.48,0.461,bogo,cloudy,False,False,,10.0
2021-10-14,319,4325.89,0.462,bogo,humid,True,False,,10.0
2021-10-15,288,3673.49,0.428,bogo,cloudy,True,False,,10.0
2021-10-16,365,4124.13,0.418,bogo,cloudy,True,False,,12.0
2021-10-17,235,2384.89,0.321,,humid,False,False,,12.0
2021-10-18,164,2122.11,0.384,,sunny,False,False,,10.0
2021-10-19,65,738.1,0.376,,rainy,False,False,,10.0
2021-10-20,126,1304.21,0.349,,rainy,False,False,Christmas,10.0
2021-10-21,314,3653.15,0.409,percent_off,sunny,False,False,,10.0
2021-10-22,149,1815.5,0.462,percent_off,sunny,False,False,,10.0
2021-10-23,130,1604.2,0.439,percent_off,rainy,False,False,,12.0
2021-10-24,188,2432.95,0.428,percent_off,humid,False,False,,12.0
2021-10-25,181,2564.36,0.476,percent_off,sunny,False,False,,10.0
2021-10-26,111,1197.56,0.331,,sunny,False,False,,10.0
2021-10-27,88,1014.83,0.361,,sunny,False,False,,10.0
2021-10-28,111,1281.88,0.349,,sunny,False,False,,10.0
2021-10-29,248,2618.04,0.324,,cloudy,False,False,,10.0
2021-10-30,280,3469.51,0.38,,humid,False,False,,12.0
2021-10-31,304,4004.12,0.372,,sunny,False,False,,12.0
2021-11-01,100,1070.59,0.349,,sunny,True,False,,10.0
2021-11-02,177,1884.95,0.351,,sunny,True,False,,10.0
2021-11-03,84,852.32,0.32,,cloudy,False,False,,10.0
2021-11-04,253,3450.38,0.459,bundle,sunny,False,False,,10.0
2021-11-05,384,4520.77,0.413,bundle,cloudy,False,False,,10.0
2021-11-06,469,5954.84,0.466,bundle,humid,False,False,,12.0
2021-11-07,252,3211.69,0.468,bundle,sunny,False,False,,12.0
2021-11-08,77,1012.41,0.379,,humid,False,False,,10.0
2021-11-09,192,2491.41,0.369,,cloudy,False,False,,10.0
2021-11-10,156,1677.27,0.367,,sunny,False,False,,10.0
2021-11-11,155,1758.2,0.329,,cloudy,False,False,,10.0
2021-11-12,147,1708.27,0.353,,sunny,False,False,,10.0
2021-11-13,180,1944.71,0.329,,cloudy,False,False,,12.0
2021-11-14,20,243.4,0.355,,cloudy,True,False,,12.0
2021-11-15,164,1628.55,0.323,,sunny,True,False,,10.0
2021-11-16,55,678.29,0.371,,rainy,True,False,,10.0
2021-11-17,166,2184.13,0.479,bundle,cloudy,False,False,,10.0
2021-11-18,176,2336.94,0.46,bundle,cloudy,False,False,,10.0
2021-11-19,286,3509.39,0.464,bundle,humid,False,False,,10.0
2021-11-20,172,2169.46,0.477,percent_off,storm,False,False,,12.0
2021-11-21,405,4775.06,0.451,percent_off,sunny,False,False,,12.0
2021-11-22,127,1384.03,0.413,percent_off,sunny,False,False,Valentine's,10.0
2021-11-23,63,721.5,0.441,percent_off,sunny,False,False,,10.0
2021-11-24,260,3415.69,0.47,percent_off,sunny,False,False,,10.0
2021-11-25,154,1922.21,0.478,percent_off,cloudy,False,False,,10.0
2021-11-26,125,1438.55,0.35,,storm,False,False,,10.0
2021-11-27,216,2344.61,0.351,,cloudy,False,False,,12.0
2021-11-28,122,1312.73,0.349,,cloudy,False,False,,12.0
2021-11-29,144,1897.13,0.378,,sunny,False,False,,10.0
2021-11-30,142,1780.71,0.364,,cloudy,False,False,,10.0
2021-12-01,144,1622.89,0.364,,sunny,True,False,,10.0
2021-12-02,152,1555.25,0.327,,sunny,True,False,,10.0
2021-12-03,285,3691.85,0.367,,sunny,False,False,,10.0
2021-12-04,240,2754.75,0.331,,sunny,False,False,,12.0
2021-12-05,187,1797.54,0.323,,rainy,False,False,,12.0
2021-12-06,84,975.76,0.349,,storm,False,False,Christmas,10.0
2021-12-07,132,1610.07,0.376,,cloudy,False,False,,10.0
2021-12-08,84,923.0,0.319,,storm,False,False,,10.0
2021-12-09,208,2405.09,0.343,,cloudy,False,False,,10.0
2021-12-10,84,812.77,0.316,,sunny,False,False,,10.0
2021-12-11,247,2699.12,0.333,,cloudy,False,False,,12.0
2021-12-12,145,1617.55,0.33,,sunny,False,False,,12.0
2021-12-13,165,1629.14,0.328,,sunny,False,False,,10.0
2021-12-14,151,1652.75,0.345,,cloudy,True,False,,10.0
2021-12-15,220,2481.08,0.371,,sunny,True,False,,10.0
2021-12-16,93,1073.6,0.37,,cloudy,True,False,,10.0
2021-12-17,171,1839.86,0.363,,cloudy,False,False,,10.0
2021-12-18,106,1185.44,0.34,,rainy,False,False,,12.0
2021-12-19,282,3228.02,0.34,,humid,False,False,New Year,12.0
2021-12-20,23,241.65,0.335,,cloudy,False,False,,10.0
2021-12-21,120,1276.37,0.32,,cloudy,False,True,,10.0
2021-12-22,90,1031.79,0.345,,cloudy,False,True,,10.0
2021-12-23,88,933.37,0.339,,sunny,False,True,,10.0
2021-12-24,70,915.62,0.37,,cloudy,False,True,,10.0
2021-12-25,267,3038.56,0.327,,rainy,False,True,,12.0
2021-12-26,226,2373.94,0.33,,sunny,False,True,,12.0
2021-12-27,73,797.84,0.319,,sunny,False,True,,10.0
2021-12-28,135,1630.52,0.38,,cloudy,False,True,,10.0
2021-12-29,159,1683.22,0.324,,sunny,False,True,,10.0
2021-12-30,105,1432.18,0.489,bogo,sunny,False,True,,10.0
2021-12-31,349,4456.59,0.454,bogo,sunny,False,True,,10.0
2022-01-01,435,5601.41,0.463,bogo,cloudy,True,False,,12.0
2022-01-02,200,2155.37,0.425,bogo,humid,True,False,,12.0
2022-01-03,182,2389.94,0.452,bogo,sunny,False,False,,10.0
2022-01-04,155,1825.66,0.363,,sunny,False,False,,10.0
2022-01-05,120,1460.85,0.371,,rainy,False,False,,10.0
2022-01-06,104,1170.4,0.332,,sunny,False,False,,10.0
2022-01-07,273,3301.08,0.351,,cloudy,False,False,,10.0
2022-01-08,273,3214.51,0.36,,cloudy,False,False,,12.0
2022-01-09,237,2647.52,0.347,,sunny,False,False,,12.0
2022-01-10,100,1159.03,0.326,,rainy,False,False,,10.0
2022-01-11,183,1725.37,0.316,,sunny,False,False,,10.0
2022-01-12,194,2332.1,0.37,,sunny,False,False,,10.0
2022-01-13,327,3577.07,0.319,,sunny,False,False,New Year,10.0
2022-01-14,45,581.68,0.374,,sunny,True,False,,10.0
2022-01-15,187,2202.75,0.346,,rainy,True,False,,12.0
2022-01-16,407,5090.53,0.351,,sunny,True,False,,12.0
2022-01-17,98,1101.44,0.318,,cloudy,False,False,,10.0
2022-01-18,187,2154.47,0.329,,cloudy,False,False,,10.0
2022-01-19,113,1147.13,0.327,,humid,False,False,,10.0
2022-01-20,190,2282.17,0.356,,sunny,False,False,New Year,10.0
2022-01-21,185,2112.01,0.363,,cloudy,False,False,,10.0
2022-01-22,175,1799.9,0.34,,storm,False,False,,12.0
2022-01-23,153,1735.44,0.36,,cloudy,False,False,,12.0
2022-01-24,215,2202.19,0.34,,humid,False,False,Summer Sale,10.0
2022-01-25,113,1129.08,0.328,,humid,False,False,,10.0
2022-01-26,228,2993.05,0.373,,sunny,False,False,,10.0
2022-01-27,186,2138.44,0.405,percent_off,cloudy,False,False,,10.0
2022-01-28,349,4203.97,0.407,percent_off,sunny,False,False,,10.0
2022-01-29,182,2231.24,0.454,percent_off,rainy,False,False,,12.0
2022-01-30,104,1336.77,0.455,percent_off,cloudy,False,False,,12.0
2022-01-31,211,2556.27,0.411,percent_off,sunny,False,False,,10.0
2022-02-01,265,3087.56,0.423,percent_off,sunny,True,False,,10.0
2022-02-02,147,1654.12,0.364,,sunny,True,False,,10.0
2022-02-03,117,1360.78,0.38,,sunny,False,False,,10.0
2022-02-04,193,2415.09,0.354,,cloudy,False,False,,10.0
2022-02-05,207,2391.83,0.373,,sunny,False,False,,12.0
2022-02-06,336,4390.16,0.47,bogo,sunny,False,False,,12.0
2022-02-07,173,2091.84,0.427,bogo,sunny,False,False,,10.0
2022-02-08,179,2219.63,0.462,bogo,sunny,False,False,,10.0
2022-02-09,155,1541.97,0.327,,cloudy,False,False,,10.0
2022-02-10,221,2351.77,0.34,,sunny,False,False,,10.0
2022-02-11,101,1191.19,0.368,,storm,False,False,,10.0
2022-02-12,187,2195.87,0.38,,rainy,False,False,,12.0
2022-02-13,176,2295.74,0.366,,storm,False,False,,12.0
2022-02-14,127,1463.4,0.331,,cloudy,True,False,,10.0
2022-02-15,214,2347.9,0.334,,sunny,True,False,,10.0
2022-02-16,211,2169.44,0.325,,cloudy,True,False,,10.0
2022-02-17,163,1666.42,0.321,,cloudy,False,False,,10.0
2022-02-18,187,2352.87,0.373,,humid,False,False,,10.0
2022-02-19,166,1896.39,0.336,,cloudy,False,False,,12.0
2022-02-20,327,4685.8,0.483,flash,cloudy,False,False,,12.0
2022-02-21,139,1590.28,0.459,flash,sunny,False,False,,10.0
2022-02-22,144,1679.44,0.454,flash,rainy,False,False,,10.0
2022-02-23,227,2690.14,0.41,flash,cloudy,False,False,,10.0
2022-02-24,175,1968.23,0.425,flash,sunny,False,False,,10.0
2022-02-25,150,1574.63,0.355,,sunny,False,False,,10.0
2022-02-26,213,2631.92,0.441,bundle,sunny,False,False,,12.0
2022-02-27,239,2830.47,0.452,bundle,cloudy,False,False,,12.0
2022-02-28,135,1520.94,0.415,bundle,sunny,False,False,,10.0
2022-03-01,135,1676.55,0.436,bundle,sunny,True,False,,10.0
2022-03-02,154,1775.4,0.359,,rainy,True,False,,10.0
2022-03-03,76,842.02,0.326,,humid,False,False,,10.0
2022-03-04,171,1984.92,0.373,,sunny,False,False,,10.0
2022-03-05,203,2218.73,0.348,,sunny,False,False,,12.0
2022-03-06,145,1858.36,0.359,,rainy,False,False,,12.0
2022-03-07,75,926.31,0.378,,cloudy,False,False,,10.0
2022-03-08,185,2145.83,0.44,percent_off,sunny,False,False,,10.0
2022-03-09,167,2013.94,0.483,percent_off,humid,False,False,,10.0
2022-03-10,188,2355.36,0.493,percent_off,humid,False,False,,10.0
2022-03-11,353,4140.44,0.453,percent_off,sunny,False,False,,10.0
2022-03-12,293,3476.52,0.427,percent_off,cloudy,False,False,,12.0
2022-03-13,205,2191.69,0.339,,sunny,False,False,,12.0
2022-03-14,64,803.27,0.359,,cloudy,True,False,,10.0
2022-03-15,209,2445.91,0.381,,humid,True,False,Halloween,10.0
2022-03-16,176,2224.99,0.362,,sunny,True,False,,10.0
2022-03-17,99,1068.39,0.345,,cloudy,False,False,,10.0
2022-03-18,130,1442.36,0.363,,cloudy,False,False,,10.0
2022-03-19,138,1676.04,0.379,,sunny,False,False,,12.0
2022-03-20,145,1517.94,0.32,,humid,False,False,,12.0
2022-03-21,84,803.76,0.325,,rainy,False,False,,10.0
2022-03-22,127,1581.69,0.373,,sunny,False,False,,10.0
2022-03-23,160,1525.15,0.324,,rainy,False,False,,10.0
2022-03-24,58,564.8,0.331,,storm,False,False,,10.0
2022-03-25,134,1618.59,0.374,,sunny,False,False,,10.0
2022-03-26,168,1774.22,0.331,,cloudy,False,False,,12.0
2022-03-27,111,1235.0,0.331,,storm,False,False,,12.0
2022-03-28,174,2100.56,0.358,,sunny,False,False,,10.0
2022-03-29,119,1457.91,0.369,,humid,False,False,,10.0
2022-03-30,149,1757.74,0.353,,rainy,False,False,,10.0
2022-03-31,143,2056.44,0.484,flash,rainy,False,False,,10.0
2022-04-01,380,4863.85,0.44,flash,sunny,True,False,,10.0
2022-04-02,198,2621.17,0.445,flash,storm,True,False,,12.0
2022-04-03,246,3442.32,0.488,flash,rainy,False,False,,12.0
2022-04-04,203,2383.77,0.463,flash,humid,False,False,,10.0
2022-04-05,93,1141.44,0.454,flash,cloudy,False,False,,10.0
2022-04-06,132,1453.02,0.413,bundle,sunny,False,False,,10.0
2022-04-07,230,2732.33,0.413,bundle,cloudy,False,False,,10.0
2022-04-08,347,4699.77,0.469,bundle,cloudy,False,False,,10.0
2022-04-09,183,1931.55,0.409,bundle,storm,False,False,,12.0
2022-04-10,304,2991.94,0.326,,sunny,False,False,,12.0
2022-04-11,152,1908.69,0.421,bogo,rainy,False,False,,10.0
2022-04-12,135,1582.97,0.428,bogo,storm,False,False,Christmas,10.0
2022-04-13,301,3605.2,0.426,bogo,humid,False,False,,10.0
2022-04-14,245,2844.29,0.412,bogo,cloudy,True,False,,10.0
2022-04-15,203,2443.84,0.479,bogo,sunny,True,False,,10.0
2022-04-16,256,2678.63,0.317,,sunny,True,False,Christmas,12.0
2022-04-17,385,3903.17,0.326,,cloudy,False,False,,12.0
2022-04-18,195,2452.7,0.354,,cloudy,False,False,,10.0
2022-04-19,132,1340.32,0.342,,rainy,False,False,Christmas,10.0
2022-04-20,204,2231.73,0.324,,sunny,False,False,,10.0
2022-04-21,147,1614.03,0.323,,sunny,False,False,,10.0
2022-04-22,91,1166.74,0.363,,cloudy,False,False,,10.0
2022-04-23,97,1178.24,0.385,,storm,False,False,,12.0
2022-04-24,309,3599.85,0.359,,sunny,False,False,,12.0
2022-04-25,136,1436.3,0.317,,sunny,False,False,,10.0
2022-04-26,152,1869.2,0.385,,sunny,False,False,,10.0
2022-04-27,193,2223.24,0.335,,sunny,False,False,,10.0
2022-04-28,172,1826.3,0.315,,sunny,False,False,,10.0
2022-04-29,256,2721.01,0.338,,sunny,False,False,,10.0
2022-04-30,230,2681.04,0.36,,cloudy,False,False,,12.0
2022-05-01,146,1711.47,0.344,,cloudy,True,False,,12.0
2022-05-02,153,1687.76,0.337,,rainy,True,False,,10.0
2022-05-03,184,2189.78,0.383,,sunny,False,False,,10.0
2022-05-04,133,1639.56,0.374,,sunny,False,False,,10.0
2022-05-05,171,1697.44,0.337,,sunny,False,False,,10.0
2022-05-06,79,971.24,0.347,,sunny,False,False,,10.0
2022-05-07,278,3385.76,0.379,,sunny,False,False,,12.0
2022-05-08,72,832.55,0.328,,sunny,False,False,,12.0
2022-05-09,126,1661.25,0.373,,rainy,False,False,,10.0
2022-05-10,204,2398.93,0.347,,cloudy,False,False,,10.0
2022-05-11,235,3228.27,0.474,flash,cloudy,False,False,,10.0
2022-05-12,226,2717.0,0.462,flash,sunny,False,False,,10.0
2022-05-13,101,1238.42,0.465,flash,sunny,False,False,,10.0
2022-05-14,241,2552.21,0.354,,sunny,True,False,,12.0
2022-05-15,376,4052.89,0.355,,cloudy,True,False,,12.0
2022-05-16,126,1183.25,0.319,,sunny,True,False,,10.0
2022-05-17,102,1402.0,0.485,bundle,humid,False,False,,10.0
2022-05-18,227,2648.48,0.437,bundle,cloudy,False,False,,10.0
2022-05-19,214,3037.51,0.488,bundle,sunny,False,False,,10.0
2022-05-20,192,2581.11,0.467,bundle,cloudy,False,False,,10.0
2022-05-21,299,4122.22,0.461,bundle,cloudy,False,False,,12.0
2022-05-22,459,6236.68,0.465,bundle,sunny,False,False,,12.0
2022-05-23,205,2383.26,0.374,,humid,False,False,Summer Sale,10.0
2022-05-24,186,2162.29,0.343,,sunny,False,False,,10.0
2022-05-25,145,1589.93,0.356,,sunny,False,False,,10.0
2022-05-26,224,2193.66,0.32,,sunny,False,False,,10.0
2022-05-27,126,1393.12,0.364,,cloudy,False,False,,10.0
2022-05-28,188,2108.87,0.374,,cloudy,False,False,,12.0
2022-05-29,134,1523.12,0.343,,cloudy,False,False,,12.0
2022-05-30,133,1503.37,0.338,,cloudy,False,False,,10.0
2022-05-31,87,1105.91,0.372,,sunny,False,False,,10.0
2022-06-01,142,1634.71,0.358,,cloudy,True,True,,10.0
2022-06-02,243,3254.56,0.379,,sunny,True,True,,10.0
2022-06-03,66,780.65,0.356,,rainy,False,True,,10.0
2022-06-04,434,4862.9,0.383,,cloudy,False,True,,12.0
2022-06-05,286,2821.86,0.335,,cloudy,False,True,,12.0
2022-06-06,138,1457.96,0.345,,sunny,False,True,,10.0
2022-06-07,119,1406.03,0.374,,sunny,False,True,,10.0
2022-06-08,184,1999.52,0.36,,sunny,False,True,,10.0
2022-06-09,168,1645.75,0.325,,humid,False,True,,10.0
2022-06-10,108,1248.6,0.359,,rainy,False,True,,10.0
2022-06-11,39,413.23,0.331,,sunny,False,True,,12.0
2022-06-12,221,2771.03,0.38,,sunny,False,True,,12.0
2022-06-13,138,1772.96,0.448,bundle,sunny,False,True,,10.0
2022-06-14,426,5550.72,0.475,bundle,sunny,True,True,,10.0
2022-06-15,226,2564.26,0.413,bundle,sunny,True,True,,10.0
2022-06-16,243,3081.96,0.477,bundle,rainy,True,True,,10.0
2022-06-17,346,4511.9,0.475,bundle,sunny,False,True,,10.0
2022-06-18,29,334.93,0.371,,cloudy,False,True,,12.0
2022-06-19,352,4240.39,0.366,,sunny,False,True,,12.0
2022-06-20,276,3419.81,0.372,,sunny,False,True,,10.0
2022-06-21,314,3810.77,0.46,flash,sunny,False,True,,10.0
2022-06-22,128,1722.12,0.472,flash,sunny,False,True,,10.0
2022-06-23,168,2088.17,0.475,flash,sunny,False,True,,10.0
2022-06-24,698,9668.15,0.492,flash,sunny,False,True,,10.0
2022-06-25,328,4211.23,0.473,flash,rainy,False,True,,12.0
2022-06-26,300,3321.47,0.374,,sunny,False,True,,12.0
2022-06-27,199,2233.55,0.347,,sunny,False,True,,10.0
2022-06-28,161,1704.56,0.342,,cloudy,False,True,,10.0
2022-06-29,235,2766.64,0.371,,cloudy,False,True,,10.0
2022-06-30,245,2893.64,0.34,,sunny,False,True,,10.0
2022-07-01,306,3522.47,0.334,,cloudy,True,True,,10.0
2022-07-02,269,3336.0,0.362,,sunny,True,True,,12.0
2022-07-03,160,1580.87,0.337,,cloudy,False,True,,12.0
2022-07-04,160,1974.32,0.47,bundle,sunny,False,True,,10.0
2022-07-05,152,1754.0,0.41,bundle,sunny,False,True,,10.0
2022-07-06,163,2028.02,0.491,bundle,humid,False,True,,10.0
2022-07-07,157,1948.29,0.36,,cloudy,False,True,,10.0
2022-07-08,193,1988.51,0.32,,sunny,False,True,,10.0
2022-07-09,210,2604.12,0.362,,storm,False,True,,12.0
2022-07-10,326,3881.84,0.385,,sunny,False,True,,12.0
2022-07-11,113,1325.81,0.384,,rainy,False,True,,10.0
2022-07-12,118,1264.81,0.358,,sunny,False,True,,10.0
2022-07-13,232,2543.18,0.355,,sunny,False,True,New Year,10.0
2022-07-14,124,1390.71,0.362,,sunny,True,True,,10.0
2022-07-15,52,645.38,0.351,,rainy,True,True,,10.0
2022-07-16,319,3296.18,0.353,,cloudy,True,True,,12.0
2022-07-17,37,464.03,0.355,,storm,False,True,,12.0
2022-07-18,74,777.35,0.321,,sunny,False,True,,10.0
2022-07-19,45,475.14,0.421,bundle,storm,False,True,,10.0
2022-07-20,171,2121.0,0.462,bundle,sunny,False,True,,10.0
2022-07-21,95,1147.07,0.471,bundle,sunny,False,True,,10.0
2022-07-22,171,1957.26,0.411,bundle,sunny,False,True,,10.0
2022-07-23,243,3189.51,0.48,bundle,sunny,False,True,,12.0
2022-07-24,207,2824.85,0.478,flash,storm,False,True,,12.0
2022-07-25,205,2548.51,0.484,flash,cloudy,False,True,,10.0
2022-07-26,259,3300.75,0.464,flash,cloudy,False,True,,10.0
2022-07-27,327,3776.22,0.463,flash,humid,False,True,Black Friday,10.0
2022-07-28,265,3593.35,0.46,flash,cloudy,False,True,,10.0
2022-07-29,193,2291.07,0.357,,sunny,False,True,,10.0
2022-07-30,360,3708.75,0.343,,sunny,False,True,,12.0
2022-07-31,98,1149.89,0.383,,cloudy,False,True,,12.0
2022-08-01,160,1656.16,0.327,,sunny,True,True,,10.0
2022-08-02,291,3242.6,0.324,,sunny,True,True,,10.0
2022-08-03,178,1983.86,0.316,,cloudy,False,True,,10.0
2022-08-04,119,1490.05,0.364,,rainy,False,True,,10.0
2022-08-05,198,1997.36,0.332,,cloudy,False,True,,10.0
2022-08-06,351,3747.39,0.358,,cloudy,False,True,,12.0
2022-08-07,124,1695.09,0.384,,rainy,False,True,,12.0
2022-08-08,127,1438.38,0.351,,cloudy,False,True,,10.0
2022-08-09,174,2289.03,0.374,,cloudy,False,True,,10.0
2022-08-10,182,1835.63,0.319,,cloudy,False,True,,10.0
2022-08-11,238,2267.73,0.322,,sunny,False,True,,10.0
2022-08-12,213,2412.64,0.323,,cloudy,False,True,Halloween,10.0
2022-08-13,219,2539.94,0.338,,rainy,False,True,,12.0
2022-08-14,518,6046.36,0.425,bundle,sunny,True,True,,12.0
2022-08-15,266,3203.47,0.446,bundle,cloudy,True,True,,10.0
2022-08-16,359,5017.61,0.462,bundle,sunny,True,True,,10.0
2022-08-17,209,2576.93,0.417,bundle,sunny,False,True,,10.0
2022-08-18,157,1963.51,0.377,,cloudy,False,True,,10.0
2022-08-19,237,2649.55,0.375,,rainy,False,True,,10.0
2022-08-20,448,5532.71,0.356,,humid,False,True,,12.0
2022-08-21,243,3031.83,0.356,,sunny,False,True,,12.0
2022-08-22,173,1941.18,0.315,,cloudy,False,True,,10.0
2022-08-23,231,2776.29,0.349,,sunny,False,True,,10.0
2022-08-24,133,1380.95,0.354,,rainy,False,True,,10.0
2022-08-25,114,1184.5,0.321,,rainy,False,True,,10.0
2022-08-26,357,3853.1,0.367,,sunny,False,True,,10.0
2022-08-27,105,1155.35,0.341,,cloudy,False,True,,12.0
2022-08-28,305,3621.71,0.378,,cloudy,False,True,,12.0
2022-08-29,203,2588.51,0.371,,sunny,False,True,,10.0
2022-08-30,150,1693.63,0.319,,sunny,False,True,,10.0
2022-08-31,120,1243.53,0.341,,cloudy,False,True,,10.0
2022-09-01,296,3214.18,0.426,percent_off,cloudy,True,False,,10.0
2022-09-02,36,442.33,0.424,percent_off,cloudy,True,False,,10.0
2022-09-03,161,1976.81,0.429,percent_off,sunny,False,False,,12.0
2022-09-04,205,2366.58,0.452,percent_off,sunny,False,False,,12.0
2022-09-05,120,1338.1,0.335,,rainy,False,False,,10.0
2022-09-06,117,1421.46,0.377,,rainy,False,False,,10.0
2022-09-07,158,1808.32,0.382,,sunny,False,False,,10.0
2022-09-08,218,2438.3,0.359,,sunny,False,False,,10.0
2022-09-09,69,751.67,0.339,,storm,False,False,,10.0
2022-09-10,269,3427.27,0.381,,cloudy,False,False,,12.0
2022-09-11,174,1947.08,0.338,,sunny,False,False,,12.0
2022-09-12,118,1325.79,0.37,,cloudy,False,False,,10.0
2022-09-13,179,1952.31,0.369,,sunny,False,False,,10.0
2022-09-14,267,3182.08,0.335,,sunny,True,False,,10.0
2022-09-15,107,1074.24,0.326,,rainy,True,False,,10.0
2022-09-16,239,2493.8,0.354,,sunny,True,False,,10.0
2022-09-17,310,3316.48,0.353,,sunny,False,False,,12.0
2022-09-18,171,1859.11,0.347,,sunny,False,False,,12.0
2022-09-19,137,1566.78,0.338,,sunny,False,False,,10.0
2022-09-20,196,2097.26,0.325,,cloudy,False,False,,10.0
2022-09-21,136,1747.19,0.366,,humid,False,False,,10.0
2022-09-22,94,970.88,0.346,,sunny,False,False,,10.0
2022-09-23,304,3555.23,0.331,,sunny,False,False,,10.0
2022-09-24,191,2427.45,0.459,bundle,sunny,False,False,,12.0
2022-09-25,339,4308.29,0.441,bundle,sunny,False,False,,12.0
2022-09-26,210,2484.6,0.433,bundle,sunny,False,False,,10.0
2022-09-27,145,1700.3,0.367,,cloudy,False,False,,10.0
2022-09-28,228,2720.09,0.344,,sunny,False,False,,10.0
2022-09-29,113,1417.38,0.384,,cloudy,False,False,,10.0
2022-09-30,205,2289.77,0.36,,sunny,False,False,,10.0
2022-10-01,295,3415.1,0.379,,sunny,True,False,,12.0
2022-10-02,198,2288.16,0.356,,rainy,True,False,,12.0
2022-10-03,72,732.35,0.326,,rainy,False,False,,10.0
2022-10-04,124,1429.38,0.328,,cloudy,False,False,,10.0
2022-10-05,161,1917.75,0.411,bogo,cloudy,False,False,,10.0
2022-10-06,274,3522.76,0.448,bogo,cloudy,False,False,,10.0
2022-10-07,170,2294.39,0.457,bogo,sunny,False,False,,10.0
2022-10-08,221,2374.4,0.417,bogo,sunny,False,False,,12.0
2022-10-09,516,6741.99,0.487,bogo,sunny,False,False,,12.0
2022-10-10,247,3029.39,0.474,bogo,sunny,False,False,,10.0
2022-10-11,135,1757.53,0.376,,sunny,False,False,,10.0
2022-10-12,143,1761.5,0.356,,cloudy,False,False,,10.0
2022-10-13,154,1690.96,0.349,,sunny,False,False,,10.0
2022-10-14,220,2764.01,0.378,,humid,True,False,,10.0
2022-10-15,244,2951.12,0.354,,rainy,True,False,,12.0
2022-10-16,349,3809.35,0.349,,sunny,True,False,,12.0
2022-10-17,54,659.56,0.357,,sunny,False,False,,10.0
2022-10-18,244,2995.08,0.364,,sunny,False,False,Christmas,10.0
2022-10-19,183,2159.83,0.345,,sunny,False,False,,10.0
2022-10-20,417,5243.36,0.458,bundle,sunny,False,False,New Year,10.0
2022-10-21,344,4643.86,0.465,bundle,humid,False,False,Easter,10.0
2022-10-22,252,2850.52,0.422,bundle,rainy,False,False,,12.0
2022-10-23,482,7110.1,0.49,bundle,sunny,False,False,,12.0
2022-10-24,87,1040.66,0.427,bundle,sunny,False,False,,10.0
2022-10-25,188,1989.22,0.406,bundle,sunny,False,False,,10.0
2022-10-26,38,374.92,0.322,,sunny,False,False,,10.0
2022-10-27,130,1485.95,0.356,,cloudy,False,False,,10.0
2022-10-28,84,833.66,0.331,,storm,False,False,,10.0
2022-10-29,148,1645.25,0.325,,storm,False,False,,12.0
2022-10-30,129,1523.51,0.347,,rainy,False,False,Easter,12.0
2022-10-31,127,1557.58,0.344,,cloudy,False,False,,10.0
2022-11-01,221,2210.57,0.341,,sunny,True,False,,10.0
2022-11-02,60,710.63,0.352,,cloudy,True,False,,10.0
2022-11-03,259,2963.14,0.377,,sunny,False,False,,10.0
2022-11-04,193,2301.01,0.374,,sunny,False,False,,10.0
2022-11-05,265,3232.27,0.357,,sunny,False,False,,12.0
2022-11-06,49,628.38,0.362,,rainy,False,False,,12.0
2022-11-07,59,633.18,0.349,,storm,False,False,,10.0
2022-11-08,205,2156.96,0.407,flash,humid,False,False,,10.0
2022-11-09,190,2562.64,0.473,flash,cloudy,False,False,,10.0
2022-11-10,321,3800.17,0.447,flash,cloudy,False,False,,10.0
2022-11-11,228,2465.18,0.316,,cloudy,False,False,,10.0
2022-11-12,67,808.92,0.347,,storm,False,False,,12.0
2022-11-13,337,3941.64,0.433,percent_off,sunny,False,False,,12.0
2022-11-14,173,2168.91,0.449,percent_off,rainy,True,False,,10.0
2022-11-15,173,1866.72,0.41,percent_off,cloudy,True,False,,10.0
2022-11-16,204,2766.1,0.466,percent_off,cloudy,True,False,,10.0
2022-11-17,192,2466.98,0.438,percent_off,sunny,False,False,,10.0
2022-11-18,172,1884.31,0.342,,cloudy,False,False,,10.0
2022-11-19,126,1265.46,0.337,,storm,False,False,,12.0
2022-11-20,260,2784.38,0.327,,cloudy,False,False,,12.0
2022-11-21,96,979.95,0.316,,sunny,False,False,,10.0
2022-11-22,153,1545.48,0.338,,sunny,False,False,,10.0
2022-11-23,70,768.64,0.362,,cloudy,False,False,,10.0
2022-11-24,178,2273.74,0.359,,sunny,False,False,,10.0
2022-11-25,207,2533.76,0.355,,sunny,False,False,,10.0
2022-11-26,303,3560.09,0.355,,cloudy,False,False,,12.0
2022-11-27,150,1661.01,0.32,,sunny,False,False,,12.0
2022-11-28,142,1528.6,0.337,,cloudy,False,False,,10.0
2022-11-29,66,772.55,0.359,,sunny,False,False,,10.0
2022-11-30,137,1806.3,0.373,,sunny,False,False,,10.0
2022-12-01,280,3614.73,0.38,,sunny,True,False,,10.0
2022-12-02,78,883.1,0.332,,sunny,True,False,,10.0
2022-12-03,266,3318.3,0.359,,rainy,False,False,,12.0
2022-12-04,74,826.94,0.363,,sunny,False,False,,12.0
2022-12-05,225,2555.56,0.354,,sunny,False,False,Christmas,10.0
2022-12-06,127,1592.74,0.428,percent_off,cloudy,False,False,,10.0
2022-12-07,276,3094.69,0.449,percent_off,cloudy,False,False,,10.0
2022-12-08,76,1034.44,0.459,percent_off,humid,False,False,,10.0
2022-12-09,144,1788.53,0.413,percent_off,humid,False,False,,10.0
2022-12-10,307,3684.62,0.415,percent_off,rainy,False,False,,12.0
2022-12-11,360,4195.76,0.333,,humid,False,False,,12.0
2022-12-12,110,1228.73,0.338,,sunny,False,False,,10.0
2022-12-13,135,1569.55,0.327,,sunny,False,False,,10.0
2022-12-14,207,2289.06,0.349,,sunny,True,False,,10.0
2022-12-15,121,1612.12,0.377,,humid,True,False,,10.0
2022-12-16,20,224.58,0.316,,sunny,True,False,,10.0
2022-12-17,357,4069.41,0.37,,cloudy,False,False,,12.0
2022-12-18,158,1854.93,0.34,,cloudy,False,False,,12.0
2022-12-19,70,854.92,0.343,,sunny,False,False,,10.0
2022-12-20,280,4063.52,0.485,percent_off,sunny,False,False,,10.0
2022-12-21,216,2612.96,0.408,percent_off,cloudy,False,True,,10.0
2022-12-22,116,1407.48,0.447,percent_off,rainy,False,True,,10.0
2022-12-23,306,4209.84,0.479,percent_off,rainy,False,True,,10.0
2022-12-24,155,2088.58,0.459,percent_off,cloudy,False,True,,12.0
2022-12-25,198,2289.34,0.346,,rainy,False,True,New Year,12.0
2022-12-26,131,1393.77,0.355,,sunny,False,True,,10.0
2022-12-27,158,1800.31,0.357,,sunny,False,True,,10.0
2022-12-28,139,1368.09,0.324,,humid,False,True,,10.0
2022-12-29,220,2392.28,0.343,,cloudy,False,True,,10.0
2022-12-30,268,3407.18,0.38,,rainy,False,True,New Year,10.0
2022-12-31,301,3135.56,0.327,,cloudy,False,True,,12.0
2023-01-01,407,4914.04,0.341,,sunny,True,False,,12.0
2023-01-02,206,2238.68,0.362,,sunny,True,False,,10.0
2023-01-03,91,1047.87,0.37,,rainy,False,False,,10.0
2023-01-04,34,383.29,0.335,,cloudy,False,False,,10.0
2023-01-05,77,798.4,0.335,,sunny,False,False,,10.0
2023-01-06,161,1532.17,0.316,,cloudy,False,False,,10.0
2023-01-07,152,1878.27,0.365,,sunny,False,False,,12.0
2023-01-08,204,2373.7,0.331,,rainy,False,False,,12.0
2023-01-09,77,937.75,0.357,,storm,False,False,,10.0
2023-01-10,144,1745.27,0.341,,sunny,False,False,,10.0
2023-01-11,195,2409.03,0.35,,cloudy,False,False,,10.0
2023-01-12,129,1230.72,0.323,,humid,False,False,,10.0
2023-01-13,206,2666.52,0.367,,sunny,False,False,,10.0
2023-01-14,297,3508.36,0.337,,sunny,True,False,,12.0
2023-01-15,179,2030.41,0.326,,sunny,True,False,,12.0
2023-01-16,165,1623.5,0.318,,cloudy,True,False,,10.0
2023-01-17,127,1424.4,0.38,,rainy,False,False,,10.0
2023-01-18,73,824.92,0.376,,sunny,False,False,,10.0
2023-01-19,182,1937.59,0.327,,sunny,False,False,,10.0
2023-01-20,20,232.04,0.352,,sunny,False,False,,10.0
2023-01-21,144,1677.76,0.407,bundle,sunny,False,False,,12.0
2023-01-22,45,555.38,0.48,bundle,cloudy,False,False,,12.0
2023-01-23,103,1308.12,0.464,bundle,sunny,False,False,,10.0
2023-01-24,66,758.58,0.338,,storm,False,False,New Year,10.0
2023-01-25,45,439.06,0.33,,rainy,False,False,,10.0
2023-01-26,268,2918.56,0.342,,cloudy,False,False,,10.0
2023-01-27,305,3406.14,0.321,,sunny,False,False,,10.0
2023-01-28,255,2671.96,0.323,,sunny,False,False,,12.0
2023-01-29,96,1049.04,0.363,,sunny,False,False,,12.0
2023-01-30,49,561.18,0.348,,cloudy,False,False,,10.0
2023-01-31,166,1905.96,0.358,,sunny,False,False,,10.0
2023-02-01,190,2580.64,0.489,bogo,sunny,True,False,,10.0
2023-02-02,159,1798.15,0.447,bogo,cloudy,True,False,,10.0
2023-02-03,317,3592.91,0.432,bogo,rainy,False,False,,10.0
2023-02-04,322,4385.13,0.455,bogo,sunny,False,False,,12.0
2023-02-05,173,2386.72,0.47,bogo,cloudy,False,False,,12.0
2023-02-06,222,2625.69,0.474,bogo,sunny,False,False,,10.0
2023-02-07,114,1326.62,0.344,,rainy,False,False,,10.0
2023-02-08,156,1862.22,0.346,,sunny,False,False,,10.0
2023-02-09,183,2173.9,0.384,,sunny,False,False,,10.0
2023-02-10,317,3109.23,0.323,,cloudy,False,False,Summer Sale,10.0
2023-02-11,351,4075.57,0.349,,cloudy,False,False,,12.0
2023-02-12,99,1143.42,0.363,,storm,False,False,,12.0
2023-02-13,233,2248.72,0.328,,sunny,False,False,New Year,10.0
2023-02-14,98,1276.52,0.374,,cloudy,True,False,,10.0
2023-02-15,249,2998.93,0.419,bundle,cloudy,True,False,,10.0
2023-02-16,126,1706.32,0.482,bundle,storm,True,False,,10.0
2023-02-17,276,3176.28,0.406,bundle,sunny,False,False,,10.0
2023-02-18,185,2574.77,0.481,bundle,rainy,False,False,,12.0
2023-02-19,112,1324.74,0.356,,cloudy,False,False,,12.0
2023-02-20,131,1562.79,0.365,,cloudy,False,False,,10.0
2023-02-21,198,2237.05,0.348,,sunny,False,False,,10.0
2023-02-22,118,1160.48,0.316,,humid,False,False,,10.0
2023-02-23,200,2248.5,0.339,,sunny,False,False,,10.0
2023-02-24,273,3107.19,0.336,,rainy,False,False,,10.0
2023-02-25,118,1520.82,0.371,,storm,False,False,,12.0
2023-02-26,62,675.32,0.362,,cloudy,False,False,,12.0
2023-02-27,26,267.42,0.336,,sunny,False,False,,10.0
2023-02-28,317,3951.8,0.421,bogo,sunny,False,False,,10.0
2023-03-01,221,2626.84,0.425,bogo,cloudy,True,False,,10.0
2023-03-02,283,3921.79,0.476,bogo,cloudy,True,False,,10.0
2023-03-03,322,4395.1,0.484,bogo,rainy,False,False,,10.0
2023-03-04,184,2639.61,0.49,bogo,sunny,False,False,,12.0
2023-03-05,125,1402.13,0.375,,storm,False,False,,12.0
2023-03-06,77,760.68,0.323,,cloudy,False,False,,10.0
2023-03-07,164,1865.52,0.376,,sunny,False,False,,10.0
2023-03-08,111,1298.35,0.329,,sunny,False,False,,10.0
2023-03-09,163,2075.95,0.469,bundle,rainy,False,False,,10.0
2023-03-10,301,3956.38,0.473,bundle,cloudy,False,False,,10.0
2023-03-11,43,629.48,0.486,bundle,rainy,False,False,,12.0
2023-03-12,341,4562.85,0.49,bundle,cloudy,False,False,,12.0
2023-03-13,103,1213.39,0.435,bundle,rainy,False,False,,10.0
2023-03-14,124,1389.83,0.318,,rainy,True,False,,10.0
2023-03-15,297,3972.43,0.376,,sunny,True,False,,10.0
2023-03-16,193,2462.96,0.376,,sunny,True,False,,10.0
2023-03-17,312,3232.19,0.325,,sunny,False,False,,10.0
2023-03-18,158,1817.06,0.358,,cloudy,False,False,,12.0
2023-03-19,256,2690.71,0.321,,sunny,False,False,,12.0
2023-03-20,56,644.03,0.351,,sunny,False,False,,10.0
2023-03-21,124,1377.24,0.317,,sunny,False,False,,10.0
2023-03-22,209,2247.02,0.336,,cloudy,False,False,,10.0
2023-03-23,160,1771.25,0.324,,cloudy,False,False,,10.0
2023-03-24,276,2734.56,0.315,,humid,False,False,,10.0
2023-03-25,203,2552.85,0.362,,sunny,False,False,,12.0
2023-03-26,22,269.85,0.372,,sunny,False,False,,12.0
2023-03-27,182,2048.2,0.328,,sunny,False,False,,10.0
2023-03-28,178,1827.75,0.344,,cloudy,False,False,,10.0
2023-03-29,236,2661.84,0.343,,sunny,False,False,,10.0
2023-03-30,148,1903.55,0.36,,rainy,False,False,,10.0
2023-03-31,157,1780.43,0.35,,cloudy,False,False,,10.0
2023-04-01,298,3541.71,0.352,,cloudy,True,False,,12.0
2023-04-02,464,5180.72,0.415,percent_off,cloudy,True,False,,12.0
2023-04-03,247,2727.78,0.416,percent_off,sunny,False,False,,10.0
2023-04-04,233,3015.89,0.476,percent_off,sunny,False,False,,10.0
2023-04-05,189,2107.67,0.431,percent_off,humid,False,False,,10.0
2023-04-06,141,1750.75,0.443,percent_off,rainy,False,False,Halloween,10.0
2023-04-07,327,3861.12,0.348,,cloudy,False,False,,10.0
2023-04-08,135,1629.3,0.346,,cloudy,False,False,,12.0
2023-04-09,251,2656.23,0.344,,sunny,False,False,,12.0
2023-04-10,195,2448.48,0.36,,sunny,False,False,,10.0
2023-04-11,75,900.55,0.365,,rainy,False,False,,10.0
2023-04-12,122,1282.6,0.319,,sunny,False,False,,10.0
2023-04-13,133,1517.96,0.323,,sunny,False,False,,10.0
2023-04-14,400,4594.27,0.413,percent_off,sunny,True,False,,10.0
2023-04-15,208,2803.82,0.449,percent_off,sunny,True,False,,12.0
2023-04-16,483,5378.41,0.439,percent_off,sunny,True,False,,12.0
2023-04-17,94,1048.17,0.431,percent_off,storm,False,False,,10.0
2023-04-18,105,1220.53,0.382,,rainy,False,False,,10.0
2023-04-19,105,1196.24,0.325,,rainy,False,False,,10.0
2023-04-20,217,2385.05,0.357,,sunny,False,False,,10.0
2023-04-21,217,2269.95,0.334,,cloudy,False,False,,10.0
2023-04-22,360,4602.96,0.455,flash,cloudy,False,False,,12.0
2023-04-23,318,3770.88,0.464,flash,sunny,False,False,,12.0
2023-04-24,225,2741.25,0.475,flash,cloudy,False,False,,10.0
2023-04-25,153,1968.14,0.427,flash,cloudy,False,False,,10.0
2023-04-26,189,2630.82,0.492,flash,storm,False,False,,10.0
2023-04-27,271,3328.36,0.41,flash,cloudy,False,False,,10.0
2023-04-28,384,4399.01,0.33,,sunny,False,False,,10.0
2023-04-29,256,2443.93,0.32,,sunny,False,False,,12.0
2023-04-30,375,4025.75,0.33,,cloudy,False,False,,12.0
2023-05-01,111,1419.33,0.359,,rainy,True,False,,10.0
2023-05-02,115,1378.74,0.382,,rainy,True,False,,10.0
2023-05-03,175,1834.26,0.358,,humid,False,False,,10.0
2023-05-04,160,1629.42,0.342,,sunny,False,False,,10.0
2023-05-05,107,1393.89,0.377,,humid,False,False,,10.0
2023-05-06,159,1887.16,0.342,,sunny,False,False,,12.0
2023-05-07,214,2226.03,0.341,,rainy,False,False,,12.0
2023-05-08,115,1303.45,0.328,,sunny,False,False,,10.0
2023-05-09,85,1159.94,0.384,,cloudy,False,False,,10.0
2023-05-10,167,2141.86,0.384,,sunny,False,False,,10.0
2023-05-11,177,1765.86,0.327,,sunny,False,False,,10.0
2023-05-12,185,2042.17,0.367,,rainy,False,False,,10.0
2023-05-13,326,3702.75,0.366,,humid,False,False,,12.0
2023-05-14,138,1700.18,0.41,bogo,rainy,True,False,Summer Sale,12.0
2023-05-15,102,1255.29,0.43,bogo,sunny,True,False,,10.0
2023-05-16,237,2658.95,0.425,bogo,cloudy,True,False,,10.0
2023-05-17,92,966.44,0.405,bogo,sunny,False,False,,10.0
2023-05-18,359,4814.77,0.493,bogo,sunny,False,False,,10.0
2023-05-19,326,3639.29,0.42,bogo,sunny,False,False,,10.0
2023-05-20,152,1735.39,0.435,bundle,cloudy,False,False,,12.0
2023-05-21,192,2106.47,0.436,bundle,sunny,False,False,,12.0
2023-05-22,253,3392.17,0.461,bundle,sunny,False,False,,10.0
2023-05-23,146,1519.38,0.413,bundle,cloudy,False,False,,10.0
2023-05-24,219,2727.71,0.416,bundle,sunny,False,False,,10.0
2023-05-25,199,2314.21,0.461,bundle,sunny,False,False,,10.0
2023-05-26,174,1969.96,0.368,,cloudy,False,False,,10.0
2023-05-27,368,4090.45,0.347,,cloudy,False,False,Summer Sale,12.0
2023-05-28,200,2321.57,0.351,,cloudy,False,False,,12.0
2023-05-29,195,2244.93,0.416,flash,sunny,False,False,,10.0
2023-05-30,204,2135.72,0.417,flash,sunny,False,False,,10.0
2023-05-31,217,2785.61,0.451,flash,sunny,False,False,,10.0
2023-06-01,281,3541.6,0.447,flash,sunny,True,True,,10.0
2023-06-02,263,2866.32,0.361,,sunny,True,True,,10.0
2023-06-03,380,4863.02,0.383,,sunny,False,True,,12.0
2023-06-04,354,4917.36,0.493,percent_off,sunny,False,True,,12.0
2023-06-05,275,3138.1,0.443,percent_off,sunny,False,True,,10.0
2023-06-06,184,1962.28,0.409,percent_off,cloudy,False,True,,10.0
2023-06-07,249,3074.98,0.427,percent_off,sunny,False,True,,10.0
2023-06-08,176,2159.61,0.472,percent_off,storm,False,True,,10.0
2023-06-09,273,2840.17,0.408,percent_off,sunny,False,True,,10.0
2023-06-10,318,3465.74,0.369,,sunny,False,True,,12.0
2023-06-11,372,4143.19,0.339,,sunny,False,True,,12.0
2023-06-12,208,2470.3,0.417,bogo,sunny,False,True,Black Friday,10.0
2023-06-13,225,2652.94,0.438,bogo,humid,False,True,,10.0
2023-06-14,386,5211.7,0.477,bogo,sunny,True,True,,10.0
2023-06-15,256,2746.73,0.328,,sunny,True,True,,10.0
2023-06-16,218,2765.37,0.36,,cloudy,True,True,,10.0
2023-06-17,182,2014.63,0.332,,rainy,False,True,,12.0
2023-06-18,307,3544.17,0.356,,sunny,False,True,,12.0
2023-06-19,93,1112.76,0.342,,rainy,False,True,,10.0
2023-06-20,107,1189.09,0.328,,rainy,False,True,,10.0
2023-06-21,107,1324.67,0.36,,cloudy,False,True,,10.0
2023-06-22,194,2071.61,0.347,,cloudy,False,True,,10.0
2023-06-23,344,3413.76,0.333,,sunny,False,True,,10.0
2023-06-24,317,3097.18,0.331,,rainy,False,True,,12.0
2023-06-25,151,1639.65,0.35,,cloudy,False,True,,12.0
2023-06-26,177,1988.61,0.32,,sunny,False,True,,10.0
2023-06-27,217,2156.31,0.331,,sunny,False,True,,10.0
2023-06-28,211,2358.31,0.362,,sunny,False,True,,10.0
2023-06-29,157,1776.05,0.325,,rainy,False,True,,10.0
2023-06-30,249,2855.84,0.369,,rainy,False,True,,10.0
2023-07-01,423,4478.09,0.316,,sunny,True,True,,12.0
2023-07-02,58,651.8,0.331,,storm,True,True,,12.0
2023-07-03,109,1275.81,0.372,,sunny,False,True,,10.0
2023-07-04,160,1948.58,0.381,,sunny,False,True,,10.0
2023-07-05,231,2579.86,0.381,,sunny,False,True,Valentine's,10.0
2023-07-06,127,1472.61,0.344,,rainy,False,True,,10.0
2023-07-07,234,3051.42,0.37,,sunny,False,True,,10.0
2023-07-08,307,3655.71,0.359,,sunny,False,True,,12.0
2023-07-09,256,2746.09,0.352,,cloudy,False,True,,12.0
2023-07-10,203,2290.98,0.378,,sunny,False,True,,10.0
2023-07-11,238,2754.17,0.329,,sunny,False,True,Black Friday,10.0
2023-07-12,182,2063.2,0.352,,sunny,False,True,,10.0
2023-07-13,313,4016.72,0.443,bogo,sunny,False,True,,10.0
2023-07-14,373,4692.64,0.424,bogo,sunny,True,True,,10.0
2023-07-15,392,4761.11,0.457,bogo,sunny,True,True,,12.0
2023-07-16,317,3672.67,0.446,bogo,sunny,True,True,,12.0
2023-07-17,127,1446.81,0.427,bogo,storm,False,True,,10.0
2023-07-18,143,1603.04,0.447,bogo,cloudy,False,True,,10.0
2023-07-19,129,1517.44,0.37,,sunny,False,True,,10.0
2023-07-20,201,2193.11,0.328,,rainy,False,True,,10.0
2023-07-21,230,2472.57,0.364,,sunny,False,True,,10.0
2023-07-22,206,2442.11,0.353,,humid,False,True,,12.0
2023-07-23,341,3769.41,0.368,,sunny,False,True,,12.0
2023-07-24,133,1570.57,0.37,,sunny,False,True,,10.0
2023-07-25,353,4110.33,0.367,,sunny,False,True,New Year,10.0
2023-07-26,156,1478.66,0.316,,rainy,False,True,,10.0
2023-07-27,155,1686.58,0.353,,humid,False,True,,10.0
2023-07-28,123,1396.57,0.374,,storm,False,True,,10.0
2023-07-29,177,1937.84,0.32,,sunny,False,True,,12.0
2023-07-30,212,2061.99,0.33,,cloudy,False,True,,12.0
2023-07-31,185,2258.18,0.36,,cloudy,False,True,,10.0
2023-08-01,97,906.02,0.319,,humid,True,True,,10.0
2023-08-02,127,1304.17,0.321,,rainy,True,True,,10.0
2023-08-03,116,1288.47,0.362,,storm,False,True,,10.0
2023-08-04,236,2431.46,0.344,,humid,False,True,,10.0
2023-08-05,346,3730.46,0.329,,sunny,False,True,,12.0
2023-08-06,187,2007.97,0.343,,humid,False,True,,12.0
2023-08-07,182,2266.37,0.372,,sunny,False,True,,10.0
2023-08-08,73,840.92,0.414,percent_off,sunny,False,True,,10.0
2023-08-09,60,760.06,0.42,percent_off,storm,False,True,,10.0
2023-08-10,196,2772.77,0.493,percent_off,cloudy,False,True,,10.0
2023-08-11,135,1742.9,0.485,percent_off,sunny,False,True,,10.0
2023-08-12,225,2779.78,0.458,percent_off,humid,False,True,,12.0
2023-08-13,424,5888.54,0.458,percent_off,cloudy,False,True,,12.0
2023-08-14,152,1861.47,0.368,,sunny,True,True,,10.0
2023-08-15,300,2990.58,0.326,,sunny,True,True,,10.0
2023-08-16,319,3348.72,0.338,,sunny,True,True,,10.0
2023-08-17,154,1973.67,0.383,,cloudy,False,True,,10.0
2023-08-18,57,695.35,0.465,bogo,sunny,False,True,,10.0
2023-08-19,279,3461.36,0.46,bogo,cloudy,False,True,,12.0
2023-08-20,618,6585.12,0.411,bogo,sunny,False,True,,12.0
2023-08-21,200,2146.26,0.423,bogo,cloudy,False,True,,10.0
2023-08-22,265,3151.82,0.412,bogo,cloudy,False,True,,10.0
2023-08-23,175,1766.44,0.327,,sunny,False,True,,10.0
2023-08-24,188,2146.68,0.321,,sunny,False,True,,10.0
2023-08-25,412,4906.7,0.35,,sunny,False,True,,10.0
2023-08-26,271,3473.8,0.375,,rainy,False,True,,12.0
2023-08-27,231,2614.36,0.366,,humid,False,True,,12.0
2023-08-28,132,1385.68,0.325,,cloudy,False,True,,10.0
2023-08-29,236,2736.62,0.366,,sunny,False,True,Halloween,10.0
2023-08-30,189,2271.86,0.337,,sunny,False,True,,10.0
2023-08-31,144,1647.37,0.324,,sunny,False,True,,10.0
2023-09-01,279,3202.45,0.339,,sunny,True,False,,10.0
2023-09-02,96,1050.83,0.342,,cloudy,True,False,,12.0
2023-09-03,140,1490.14,0.317,,sunny,False,False,,12.0
2023-09-04,197,1975.7,0.325,,sunny,False,False,,10.0
2023-09-05,164,1900.45,0.365,,cloudy,False,False,,10.0
2023-09-06,129,1708.45,0.379,,rainy,False,False,,10.0
2023-09-07,118,1470.69,0.377,,sunny,False,False,,10.0
2023-09-08,152,1712.29,0.376,,rainy,False,False,,10.0
2023-09-09,231,2864.92,0.367,,cloudy,False,False,,12.0
2023-09-10,295,3256.19,0.322,,sunny,False,False,,12.0
2023-09-11,121,1195.53,0.328,,sunny,False,False,,10.0
2023-09-12,162,1761.63,0.355,,cloudy,False,False,,10.0
2023-09-13,227,2741.06,0.376,,sunny,False,False,,10.0
2023-09-14,326,3119.19,0.321,,humid,True,False,,10.0
2023-09-15,342,4068.65,0.41,flash,sunny,True,False,,10.0
2023-09-16,368,4617.07,0.494,flash,sunny,True,False,,12.0
2023-09-17,20,236.36,0.429,flash,cloudy,False,False,Halloween,12.0
2023-09-18,130,1619.01,0.435,flash,rainy,False,False,,10.0
2023-09-19,134,1707.3,0.358,,sunny,False,False,,10.0
2023-09-20,259,3201.98,0.364,,humid,False,False,Christmas,10.0
2023-09-21,185,2326.45,0.364,,humid,False,False,,10.0
2023-09-22,171,1900.41,0.348,,sunny,False,False,,10.0
2023-09-23,270,2712.45,0.34,,sunny,False,False,,12.0
2023-09-24,148,1682.88,0.357,,rainy,False,False,,12.0
2023-09-25,222,2769.44,0.471,bundle,cloudy,False,False,,10.0
2023-09-26,100,1266.6,0.452,bundle,sunny,False,False,,10.0
2023-09-27,247,3049.72,0.432,bundle,humid,False,False,,10.0
2023-09-28,277,3179.37,0.42,bundle,cloudy,False,False,,10.0
2023-09-29,273,3681.16,0.473,bundle,sunny,False,False,,10.0
2023-09-30,401,4842.36,0.469,bundle,sunny,False,False,,12.0
2023-10-01,245,2991.25,0.348,,humid,True,False,,12.0
2023-10-02,205,2238.74,0.366,,sunny,True,False,,10.0
2023-10-03,157,1791.72,0.36,,cloudy,False,False,,10.0
2023-10-04,71,840.98,0.36,,rainy,False,False,,10.0
2023-10-05,175,1913.53,0.321,,humid,False,False,,10.0
2023-10-06,215,2551.12,0.341,,humid,False,False,,10.0
2023-10-07,144,1576.13,0.342,,storm,False,False,New Year,12.0
2023-10-08,137,1489.85,0.324,,rainy,False,False,,12.0
2023-10-09,157,2075.17,0.381,,cloudy,False,False,Christmas,10.0
2023-10-10,157,1713.15,0.325,,cloudy,False,False,,10.0
2023-10-11,80,926.11,0.324,,rainy,False,False,,10.0
2023-10-12,233,2758.58,0.35,,rainy,False,False,,10.0
2023-10-13,253,3196.27,0.366,,sunny,False,False,,10.0
2023-10-14,197,2499.12,0.432,percent_off,rainy,True,False,,12.0
2023-10-15,404,4917.82,0.443,percent_off,humid,True,False,,12.0
2023-10-16,219,2599.26,0.411,percent_off,sunny,True,False,,10.0
2023-10-17,184,2030.04,0.414,percent_off,sunny,False,False,,10.0
2023-10-18,97,1194.14,0.41,percent_off,rainy,False,False,,10.0
2023-10-19,167,2230.99,0.448,percent_off,sunny,False,False,,10.0
2023-10-20,180,2053.66,0.361,,sunny,False,False,,10.0
2023-10-21,283,3658.59,0.384,,humid,False,False,,12.0
2023-10-22,223,2768.37,0.41,bogo,sunny,False,False,,12.0
2023-10-23,253,2794.94,0.441,bogo,cloudy,False,False,,10.0
2023-10-24,207,2913.26,0.467,bogo,sunny,False,False,,10.0
2023-10-25,176,2381.28,0.464,bogo,cloudy,False,False,,10.0
2023-10-26,112,1371.18,0.43,bogo,humid,False,False,,10.0
2023-10-27,424,5457.16,0.465,bogo,sunny,False,False,,10.0
2023-10-28,324,3689.61,0.334,,sunny,False,False,,12.0
2023-10-29,118,1252.36,0.355,,rainy,False,False,,12.0
2023-10-30,110,1245.97,0.328,,sunny,False,False,,10.0
2023-10-31,188,2180.95,0.351,,sunny,False,False,,10.0
2023-11-01,94,1228.95,0.368,,rainy,True,False,,10.0
2023-11-02,214,2385.77,0.371,,humid,True,False,,10.0
2023-11-03,327,4026.58,0.354,,sunny,False,False,,10.0
2023-11-04,179,2185.76,0.345,,sunny,False,False,,12.0
2023-11-05,323,3893.03,0.351,,sunny,False,False,,12.0
2023-11-06,117,1416.97,0.384,,cloudy,False,False,,10.0
2023-11-07,100,1145.43,0.372,,cloudy,False,False,,10.0
2023-11-08,244,2543.14,0.33,,sunny,False,False,,10.0
2023-11-09,167,1764.63,0.333,,sunny,False,False,,10.0
2023-11-10,192,2287.67,0.364,,humid,False,False,,10.0
2023-11-11,374,4152.43,0.364,,sunny,False,False,,12.0
2023-11-12,159,1850.52,0.326,,sunny,False,False,,12.0
2023-11-13,149,1933.21,0.453,percent_off,sunny,False,False,,10.0
2023-11-14,369,4499.48,0.475,percent_off,sunny,True,False,,10.0
2023-11-15,232,2907.77,0.414,percent_off,rainy,True,False,,10.0
2023-11-16,269,3345.58,0.376,,sunny,True,False,,10.0
2023-11-17,278,3812.88,0.46,bogo,rainy,False,False,,10.0
2023-11-18,259,3693.2,0.472,bogo,sunny,False,False,,12.0
2023-11-19,356,4708.5,0.481,bogo,cloudy,False,False,,12.0
2023-11-20,251,2937.52,0.418,bogo,sunny,False,False,Halloween,10.0
2023-11-21,132,1644.48,0.463,bogo,sunny,False,False,,10.0
2023-11-22,83,911.4,0.34,,rainy,False,False,,10.0
2023-11-23,202,2599.33,0.365,,sunny,False,False,,10.0
2023-11-24,174,2171.94,0.374,,sunny,False,False,,10.0
2023-11-25,433,4580.68,0.355,,sunny,False,False,,12.0
2023-11-26,461,5892.75,0.362,,sunny,False,False,,12.0
2023-11-27,154,1823.55,0.362,,sunny,False,False,,10.0
2023-11-28,179,2212.38,0.427,percent_off,sunny,False,False,,10.0
2023-11-29,58,779.85,0.484,percent_off,storm,False,False,,10.0
2023-11-30,303,4070.32,0.484,percent_off,cloudy,False,False,,10.0
2023-12-01,283,3379.57,0.443,percent_off,sunny,True,False,,10.0
2023-12-02,479,6327.59,0.454,percent_off,sunny,True,False,,12.0
2023-12-03,250,2805.78,0.431,percent_off,sunny,False,False,,12.0
2023-12-04,132,1834.13,0.489,percent_off,rainy,False,False,,10.0
2023-12-05,248,3554.23,0.485,percent_off,rainy,False,False,Summer Sale,10.0
2023-12-06,257,3271.47,0.47,bundle,sunny,False,False,,10.0
2023-12-07,262,3079.38,0.423,bundle,sunny,False,False,,10.0
2023-12-08,244,3035.33,0.474,bundle,humid,False,False,,10.0
2023-12-09,283,3692.82,0.438,bundle,cloudy,False,False,,12.0
2023-12-10,406,4631.53,0.445,bundle,cloudy,False,False,,12.0
2023-12-11,122,1349.36,0.409,percent_off,rainy,False,False,,10.0
2023-12-12,158,2020.03,0.448,percent_off,rainy,False,False,,10.0
2023-12-13,258,3437.36,0.455,percent_off,sunny,False,False,,10.0
2023-12-14,184,2428.32,0.38,,rainy,True,False,,10.0
2023-12-15,179,1711.68,0.316,,sunny,True,False,,10.0
2023-12-16,235,3064.07,0.383,,cloudy,True,False,,12.0
2023-12-17,160,1817.06,0.368,,sunny,False,False,,12.0
2023-12-18,157,1865.2,0.385,,sunny,False,False,,10.0
2023-12-19,46,578.51,0.372,,rainy,False,False,,10.0
2023-12-20,105,1046.47,0.331,,cloudy,False,False,,10.0
2023-12-21,160,1835.79,0.345,,sunny,False,True,,10.0
2023-12-22,382,4264.74,0.443,bundle,sunny,False,True,,10.0
2023-12-23,340,3791.53,0.415,bundle,sunny,False,True,,12.0
2023-12-24,274,2868.33,0.421,bundle,humid,False,True,,12.0
2023-12-25,288,3278.27,0.431,bundle,cloudy,False,True,,10.0
2023-12-26,200,2216.65,0.435,bundle,cloudy,False,True,,10.0
2023-12-27,238,2436.25,0.324,,cloudy,False,True,,10.0
2023-12-28,116,1280.42,0.334,,rainy,False,True,,10.0
2023-12-29,206,2170.72,0.357,,sunny,False,True,,10.0
2023-12-30,169,1924.86,0.322,,storm,False,True,,12.0
2023-12-31,332,3997.37,0.368,,cloudy,False,True,,12.0
